2026-07-08 15:10:34,customers-service,387.2MiB / 512MiB,75.62%
2026-07-08 15:10:36,customers-service,387.6MiB / 512MiB,75.71%
2026-07-08 15:10:45,customers-service,387.2MiB / 512MiB,75.62%
2026-07-08 15:10:47,customers-service,387.2MiB / 512MiB,75.62%
2026-07-08 15:10:56,customers-service,387.2MiB / 512MiB,75.62%
2026-07-08 15:10:59,customers-service,387.2MiB / 512MiB,75.62%
2026-07-08 15:11:08,customers-service,387.5MiB / 512MiB,75.68%
2026-07-08 15:11:10,customers-service,387.2MiB / 512MiB,75.63%
2026-07-08 15:11:19,customers-service,387.2MiB / 512MiB,75.63%
2026-07-08 15:11:22,customers-service,387.2MiB / 512MiB,75.63%
2026-07-08 15:11:30,customers-service,387.2MiB / 512MiB,75.63%
2026-07-08 15:11:34,customers-service,387.2MiB / 512MiB,75.63%
2026-07-08 15:11:42,customers-service,387.2MiB / 512MiB,75.63%
2026-07-08 15:11:45,customers-service,387.2MiB / 512MiB,75.63%
2026-07-08 15:11:54,customers-service,387.2MiB / 512MiB,75.63%
2026-07-08 15:11:57,customers-service,387.2MiB / 512MiB,75.63%
2026-07-08 15:12:06,customers-service,387.5MiB / 512MiB,75.69%
2026-07-08 15:12:08,customers-service,387.5MiB / 512MiB,75.69%
2026-07-08 15:12:17,customers-service,387.3MiB / 512MiB,75.64%
2026-07-08 15:12:19,customers-service,387.3MiB / 512MiB,75.64%
2026-07-08 15:12:29,customers-service,387.3MiB / 512MiB,75.64%
2026-07-08 15:12:31,customers-service,387.3MiB / 512MiB,75.64%
2026-07-08 15:12:40,customers-service,387.2MiB / 512MiB,75.63%
2026-07-08 15:12:43,customers-service,387.2MiB / 512MiB,75.63%
2026-07-08 15:12:51,customers-service,387.2MiB / 512MiB,75.63%
2026-07-08 15:12:55,customers-service,387.2MiB / 512MiB,75.63%
2026-07-08 15:13:04,customers-service,387.2MiB / 512MiB,75.63%
2026-07-08 15:13:06,customers-service,387.2MiB / 512MiB,75.63%
2026-07-08 15:13:15,customers-service,387.2MiB / 512MiB,75.63%
2026-07-08 15:13:17,customers-service,387.2MiB / 512MiB,75.63%
2026-07-08 15:13:26,customers-service,387.3MiB / 512MiB,75.64%
2026-07-08 15:13:29,customers-service,387.3MiB / 512MiB,75.65%
2026-07-08 15:13:38,customers-service,387.6MiB / 512MiB,75.70%
2026-07-08 15:13:40,customers-service,387.6MiB / 512MiB,75.71%
2026-07-08 15:13:49,customers-service,388.2MiB / 512MiB,75.82%
2026-07-08 15:13:51,customers-service,387.9MiB / 512MiB,75.77%
2026-07-08 15:14:00,customers-service,388MiB / 512MiB,75.78%
2026-07-08 15:14:03,customers-service,388.3MiB / 512MiB,75.84%
2026-07-08 15:14:13,customers-service,389.2MiB / 512MiB,76.02%
2026-07-08 15:14:15,customers-service,389.2MiB / 512MiB,76.02%
2026-07-08 15:14:25,customers-service,390.1MiB / 512MiB,76.20%
2026-07-08 15:14:27,customers-service,390.7MiB / 512MiB,76.31%
2026-07-08 15:14:36,customers-service,390.8MiB / 512MiB,76.33%
2026-07-08 15:14:38,customers-service,391.2MiB / 512MiB,76.40%
2026-07-08 15:14:48,customers-service,391.8MiB / 512MiB,76.53%
2026-07-08 15:14:50,customers-service,392.1MiB / 512MiB,76.58%
2026-07-08 15:14:59,customers-service,392.6MiB / 512MiB,76.67%
2026-07-08 15:15:01,customers-service,392.3MiB / 512MiB,76.63%
2026-07-08 15:15:11,customers-service,392.9MiB / 512MiB,76.73%
2026-07-08 15:15:22,customers-service,393.4MiB / 512MiB,76.83%
2026-07-08 15:15:34,customers-service,397.9MiB / 512MiB,77.71%
2026-07-08 15:15:45,customers-service,408.5MiB / 512MiB,79.78%
2026-07-08 15:15:57,customers-service,406.9MiB / 512MiB,79.46%
2026-07-08 15:16:09,customers-service,407.6MiB / 512MiB,79.60%
2026-07-08 15:16:21,customers-service,407.9MiB / 512MiB,79.66%
2026-07-08 15:16:32,customers-service,408.6MiB / 512MiB,79.81%
2026-07-08 15:16:44,customers-service,408.6MiB / 512MiB,79.81%
2026-07-08 15:16:55,customers-service,408.6MiB / 512MiB,79.81%
2026-07-08 15:17:07,customers-service,408.9MiB / 512MiB,79.86%
2026-07-08 15:17:18,customers-service,408.7MiB / 512MiB,79.81%
2026-07-08 15:17:29,customers-service,408.6MiB / 512MiB,79.81%
2026-07-08 15:17:41,customers-service,408.6MiB / 512MiB,79.81%
2026-07-08 15:17:52,customers-service,408.7MiB / 512MiB,79.82%
2026-07-08 15:18:04,customers-service,408.9MiB / 512MiB,79.87%
2026-07-08 15:18:15,customers-service,408.7MiB / 512MiB,79.82%
2026-07-08 15:18:27,customers-service,408.8MiB / 512MiB,79.85%
2026-07-08 15:18:38,customers-service,408.8MiB / 512MiB,79.85%
2026-07-08 15:18:50,customers-service,408.8MiB / 512MiB,79.85%
2026-07-08 15:19:01,customers-service,408.8MiB / 512MiB,79.85%
2026-07-08 15:19:13,customers-service,408.8MiB / 512MiB,79.85%
2026-07-08 15:19:25,customers-service,408.8MiB / 512MiB,79.85%
2026-07-08 15:19:37,customers-service,408.8MiB / 512MiB,79.85%
2026-07-08 15:19:48,customers-service,408.8MiB / 512MiB,79.85%
2026-07-08 15:19:59,customers-service,408.8MiB / 512MiB,79.85%
2026-07-08 15:20:11,customers-service,408.8MiB / 512MiB,79.85%
2026-07-08 15:20:23,customers-service,409.1MiB / 512MiB,79.90%
2026-07-08 15:20:35,customers-service,408.8MiB / 512MiB,79.83%
2026-07-08 15:20:46,customers-service,408.7MiB / 512MiB,79.83%
2026-07-08 15:20:58,customers-service,408.7MiB / 512MiB,79.83%
2026-07-08 15:21:09,customers-service,408.7MiB / 512MiB,79.83%
2026-07-08 15:21:21,customers-service,408.7MiB / 512MiB,79.83%
2026-07-08 15:21:33,customers-service,408.6MiB / 512MiB,79.81%
2026-07-08 15:21:45,customers-service,408.6MiB / 512MiB,79.81%
2026-07-08 15:21:57,customers-service,409.9MiB / 512MiB,80.06%
2026-07-08 15:22:08,customers-service,411.1MiB / 512MiB,80.29%
2026-07-08 15:22:19,customers-service,411.4MiB / 512MiB,80.35%
2026-07-08 15:22:31,customers-service,412.2MiB / 512MiB,80.51%
2026-07-08 15:22:43,customers-service,413.5MiB / 512MiB,80.76%
2026-07-08 15:22:55,customers-service,413.6MiB / 512MiB,80.79%
2026-07-08 15:23:06,customers-service,413.6MiB / 512MiB,80.79%
2026-07-08 15:23:18,customers-service,413.6MiB / 512MiB,80.79%
2026-07-08 15:23:29,customers-service,414.1MiB / 512MiB,80.89%
2026-07-08 15:23:41,customers-service,413.4MiB / 512MiB,80.75%
2026-07-08 15:23:52,customers-service,413.4MiB / 512MiB,80.74%
2026-07-08 15:24:04,customers-service,413.4MiB / 512MiB,80.74%
2026-07-08 15:24:16,customers-service,413.6MiB / 512MiB,80.79%
2026-07-08 15:24:27,customers-service,413.4MiB / 512MiB,80.74%
2026-07-08 15:24:38,customers-service,413.6MiB / 512MiB,80.77%
2026-07-08 15:24:50,customers-service,413.4MiB / 512MiB,80.74%
2026-07-08 15:25:01,customers-service,413.4MiB / 512MiB,80.74%
2026-07-08 15:25:13,customers-service,413.7MiB / 512MiB,80.80%
2026-07-08 15:25:25,customers-service,413.4MiB / 512MiB,80.75%
2026-07-08 15:25:37,customers-service,413.7MiB / 512MiB,80.80%
2026-07-08 15:25:48,customers-service,413.4MiB / 512MiB,80.75%
2026-07-08 15:25:59,customers-service,413.4MiB / 512MiB,80.75%
2026-07-08 15:26:11,customers-service,413.4MiB / 512MiB,80.75%
2026-07-08 15:26:23,customers-service,413.5MiB / 512MiB,80.75%
2026-07-08 15:26:35,customers-service,413.7MiB / 512MiB,80.80%
2026-07-08 16:06:20,customers-service,458.4MiB / 512MiB,89.53%
